{
  "data": [
    {
      "id": 1,
      "product_name": "Oneplus 10",
      "product_info": "Institue 458",
      "image": "oneplus.png",
      "qty": 3,
      "price": 896
    },
    {
      "id": 2,
      "product_name": "Nike Jordan",
      "product_info": "Institue 658",
      "image": "nikejordan.png",
      "qty": 1,
      "price": 392
    },
    {
      "id": 3,
      "product_name": "Wooden Chair",
      "product_info": "Institue 874",
      "image": "woodenchair.png",
      "qty": 2,
      "price": 841
    },
    {
      "id": 4,
      "product_name": "Face cream",
      "product_info": "Institue 321",
      "image": "facecream.png",
      "qty": 2,
      "price": 813
    }
  ]
}