{
    "data":[
        {
            "id":1,
            "name": "Exemple Institut 1",
            "address":"123 Main Street, City, Country",
            "phone": "+1234567890",
            "partenaire": "Société 1",
            "mail": "example1@mail.com",
            "products":""
        },
        {
            "id":2,
            "name": "Exemple Institut 2",
            "address":"456 Elm Street, City, Country",
            "phone": "+1987654321",
            "partenaire": "Société 1",
            "mail": "example2@mail.com",
            "products":""
        },
        {
            "id":3,
            "name": "Exemple Institut 3",
            "address":"789 Oak Street, City, Country",
            "phone": "+1122334455",
            "partenaire": "Société 1",
            "mail": "example3@mail.com",
            "products":""
        },
        {
            "id":4,
            "name": "Exemple Institut 4",
            "address":"321 Pine Street, City, Country",
            "phone": "+9988776655",
            "partenaire": "Société 1",
            "mail": "example4@mail.com",
            "products":""
        },
        {
            "id":5,
            "name": "Exemple Institut 5",
            "address":"654 Maple Street, City, Country",
            "phone": "+5544332211",
            "partenaire": "Société 1",
            "mail": "example5@mail.com",
            "products":""
        },
        {
            "id":6,
            "name": "Exemple Institut 6",
            "address":"987 Cedar Street, City, Country",
            "phone": "+6677889900",
            "partenaire": "Société 1",
            "mail": "example6@mail.com",
            "products":""
        },
        {
            "id":7,
            "name": "Exemple Institut 7",
            "address":"741 Birch Street, City, Country",
            "phone": "+1122334455",
            "partenaire": "Société 1",
            "mail": "example7@mail.com",
            "products":""
        },
        {
            "id":8,
            "name": "Exemple Institut 8",
            "address":"852 Walnut Street, City, Country",
            "phone": "+9988776655",
            "partenaire": "Société 1",
            "mail": "example8@mail.com",
            "products":""
        },
        {
            "id":9,
            "name": "Exemple Institut 9",
            "address":"369 Ash Street, City, Country",
            "phone": "+5544332211",
            "partenaire": "Société 1",
            "mail": "example9@mail.com",
            "products":""
        },
        {
            "id":10,
            "name": "Exemple Institut 10",
            "address":"147 Spruce Street, City, Country",
            "phone": "+6677889900",
            "partenaire": "Société 1",
            "mail": "example10@mail.com",
            "products":""
        }
    ]
}
