{
  "data": [
    {
      "id": 1,
      "cat_image": "baignoire.jpg",
      "categories": "La baignoire",
      "category_detail": "La baignoire est un élément essentiel de toute salle de bain.",
      "total_earnings": "$99129",
      "total_products": 1947
    },
    {
      "id": 2,
      "cat_image": "bac_douche.jpg",
      "categories": "Le bac de douche",
      "category_detail": "Le bac de douche est une solution pratique pour les petites salles de bains.",
      "total_earnings": "$2512.50",
      "total_products": 7283
    },
    {
      "id": 3,
      "cat_image": "lavabo.jpg",
      "categories": "Le lavabo",
      "category_detail": "Le lavabo est un élément central de toute salle de bain.",
      "total_earnings": "$1612.34",
      "total_products": 2954
    },
    {
      "id": 4,
      "cat_image": "wc.jpg",
      "categories": "Le WC",
      "category_detail": "Le WC est un élément indispensable de toute installation sanitaire.",
      "total_earnings": "$3612.98",
      "total_products": 4940
    },
    {
      "id": 5,
      "cat_image": "bidet.jpg",
      "categories": "Le bidet",
      "category_detail": "Le bidet est un accessoire complémentaire pour l'hygiène intime.",
      "total_earnings": "$79129",
      "total_products": 4665
    },
    {
      "id": 6,
      "cat_image": "urinoir.jpg",
      "categories": "L'urinoir",
      "category_detail": "L'urinoir est une solution pratique pour les lieux publics.",
      "total_earnings": "$29129",
      "total_products": 5764
    },
    {
      "id": 7,
      "cat_image": "evier.jpg",
      "categories": "L'évier de cuisine",
      "category_detail": "L'évier de cuisine est un élément essentiel de toute cuisine moderne.",
      "total_earnings": "$19120.45",
      "total_products": 9184
    },
    {
      "id": 8,
      "cat_image": "robinet.jpg",
      "categories": "Le robinet",
      "category_detail": "Le robinet est un élément indispensable pour l'approvisionnement en eau.",
      "total_earnings": "$7912.99",
      "total_products": 4186
    },
    {
      "id": 9,
      "cat_image": "miroir.jpg",
      "categories": "Le miroir",
      "category_detail": "Le miroir est un accessoire indispensable dans une salle de bain.",
      "total_earnings": "$7912.99",
      "total_products": 4186
    },
    {
      "id": 10,
      "cat_image": "porte_savon.jpg",
      "categories": "Le porte-savon",
      "category_detail": "Le porte-savon est un accessoire pratique pour ranger le savon.",
      "total_earnings": "$7912.99",
      "total_products": 4186
    },
    {
      "id": 11,
      "cat_image": "distributeur_savon.jpg",
      "categories": "Le distributeur de savon",
      "category_detail": "Le distributeur de savon est un accessoire pratique pour l'hygiène des mains.",
      "total_earnings": "$7912.99",
      "total_products": 4186
    },
    {
      "id": 12,
      "cat_image": "etagere.jpg",
      "categories": "L'étagère de salle de bain",
      "category_detail": "L'étagère de salle de bain est un accessoire pratique pour ranger les produits de toilette.",
      "total_earnings": "$7912.99",
      "total_products": 4186
    },
    {
      "id": 13,
      "cat_image": "tabouret.jpg",
      "categories": "Le tabouret",
      "category_detail": "Le tabouret de salle de bain est un accessoire utile pour s'asseoir.",
      "total_earnings": "$7912.99",
      "total_products": 4186
    },
    {
      "id": 14,
      "cat_image": "balai.jpg",
      "categories": "Le balai de toilette",
      "category_detail": "Le balai de toilette est un accessoire essentiel pour maintenir la propreté.",
      "total_earnings": "$7912.99",
      "total_products": 4186
    }
  ]
}
