{
  "data": [
    {
      "id": 1,
      "order": 5434,
      "customer": "Gabrielle Feyer",
      "phone": "1-202-555-0170",
      
      "products": 6,
      "status": 1,
      "etq": "12",
      "inst": [
        {
          "id":1,
          "name":"Institut 1"
        },
        {
          "id":2,
          "name":"Institut 2"
        }
      ],
      "date": "5/16/2022",
      "time": "2:11 AM",
      "date_using":"5/20/2022",
      "spent":2554.45,
      "code": "5434-1-41-54DH7"
    }
  ]
}